Run,Messages,Loss,Corruption,Time_bw_messages,Application_A,Transport_A,Transport_B,Application_B,Total_time,Throughput
1,1000,0.6,0.2,50.0,1000,3823,1586,395,50358.359375,0.007844
2,1000,0.6,0.2,50.0,1000,3864,1562,356,49520.421875,0.007189
3,1000,0.6,0.2,50.0,1000,3834,1546,364,49239.394531,0.007392
4,1000,0.6,0.2,50.0,1000,3832,1557,401,50582.839844,0.007928
5,1000,0.6,0.2,50.0,1000,3946,1596,369,51066.648438,0.007226
6,1000,0.6,0.2,50.0,1000,3960,1618,378,51714.445312,0.007309
7,1000,0.6,0.2,50.0,1000,3953,1580,360,50619.460938,0.007112
8,1000,0.6,0.2,50.0,1000,3774,1467,358,49269.953125,0.007266
9,1000,0.6,0.2,50.0,1000,3777,1460,356,48247.898438,0.007379
10,1000,0.6,0.2,50.0,1000,3887,1556,359,49421.945312,0.007264
