Run,Messages,Loss,Corruption,Time_bw_messages,Application_A,Transport_A,Transport_B,Application_B,Total_time,Throughput
1,1000,0.6,0.2,50.0,1000,62216,9040,20,50082.671875,0.000399
2,1000,0.6,0.2,50.0,1000,62408,9056,27,49893.308594,0.000541
3,1000,0.6,0.2,50.0,1000,32687,8968,10,49334.574219,0.000203
4,1000,0.6,0.2,50.0,1000,45959,9034,19,49756.675781,0.000382
5,1000,0.6,0.2,50.0,1000,56579,9123,36,50635.746094,0.000711
6,1000,0.6,0.2,50.0,1000,57287,8725,30,48244.898438,0.000622
7,1000,0.6,0.2,50.0,1000,63088,9209,32,50476.210938,0.000634
8,1000,0.6,0.2,50.0,1000,54507,8692,30,48517.589844,0.000618
9,1000,0.6,0.2,50.0,1000,34235,9430,10,51637.292969,0.000194
10,1000,0.6,0.2,50.0,1000,69019,8988,29,49900.113281,0.000581
