Run,Messages,Loss,Corruption,Time_bw_messages,Application_A,Transport_A,Transport_B,Application_B,Total_time,Throughput
1,1000,0.8,0.2,50.0,1000,179161,8880,50,49259.019531,0.001015
2,1000,0.8,0.2,50.0,1000,213897,9260,74,51340.304688,0.001441
3,1000,0.8,0.2,50.0,1000,149271,8894,50,49214.574219,0.001016
4,1000,0.8,0.2,50.0,1000,226600,9231,86,51294.136719,0.001677
5,1000,0.8,0.2,50.0,1000,181030,9037,68,50411.292969,0.001349
6,1000,0.8,0.2,50.0,1000,202694,9104,72,50424.890625,0.001428
7,1000,0.8,0.2,50.0,1000,193921,8961,69,49785.839844,0.001386
8,1000,0.8,0.2,50.0,1000,209230,9120,78,50313.109375,0.001550
9,1000,0.8,0.2,50.0,1000,194100,9251,73,51534.308594,0.001417
10,1000,0.8,0.2,50.0,1000,173475,8737,62,48616.023438,0.001275
