Run,Messages,Loss,Corruption,Time_bw_messages,Application_A,Transport_A,Transport_B,Application_B,Total_time,Throughput
1,1000,0.2,0.2,50.0,1000,131,111,10,50609.000000,0.000198
2,1000,0.2,0.2,50.0,1000,158,122,26,49217.000000,0.000528
3,1000,0.2,0.2,50.0,1000,116,95,18,50259.000000,0.000358
4,1000,0.2,0.2,50.0,1000,112,91,34,50872.000000,0.000668
5,1000,0.2,0.2,50.0,1000,125,100,51,49472.000000,0.001031
6,1000,0.2,0.2,50.0,1000,135,106,25,49759.000000,0.000502
7,1000,0.2,0.2,50.0,1000,111,96,7,48903.000000,0.000143
8,1000,0.2,0.2,50.0,1000,103,87,14,49557.000000,0.000283
