Run,Messages,Loss,Corruption,Time_bw_messages,Application_A,Transport_A,Transport_B,Application_B,Total_time,Throughput
1,1000,0.4,0.2,50.0,1000,43057,9076,26,49953.101562,0.000520
2,1000,0.4,0.2,50.0,1000,49485,8960,29,49606.871094,0.000585
3,1000,0.4,0.2,50.0,1000,51151,8787,11,48529.035156,0.000227
4,1000,0.4,0.2,50.0,1000,49356,8993,18,49991.894531,0.000360
5,1000,0.4,0.2,50.0,1000,50794,9288,28,51322.902344,0.000546
6,1000,0.4,0.2,50.0,1000,43398,9117,26,50227.761719,0.000518
7,1000,0.4,0.2,50.0,1000,43285,9231,26,50713.605469,0.000513
8,1000,0.4,0.2,50.0,1000,42296,8780,28,49008.507812,0.000571
9,1000,0.4,0.2,50.0,1000,52432,8990,26,49652.656250,0.000524
10,1000,0.4,0.2,50.0,1000,56665,9072,26,50507.882812,0.000515
