Run,Messages,Loss,Corruption,Time_bw_messages,Application_A,Transport_A,Transport_B,Application_B,Total_time,Throughput
1,1000,0.1,0.2,50.0,1000,2126,1895,832,51919.894531,0.016025
2,1000,0.1,0.2,50.0,1000,2089,1891,805,50285.476562,0.016009
3,1000,0.1,0.2,50.0,1000,2101,1883,807,50500.093750,0.015980
4,1000,0.1,0.2,50.0,1000,2081,1868,815,51452.148438,0.015840
5,1000,0.1,0.2,50.0,1000,2006,1807,809,50220.085938,0.016109
6,1000,0.1,0.2,50.0,1000,2033,1816,815,50572.031250,0.016116
7,1000,0.1,0.2,50.0,1000,2124,1898,812,52354.972656,0.015510
8,1000,0.1,0.2,50.0,1000,2027,1834,802,49195.632812,0.016302
9,1000,0.1,0.2,50.0,1000,2092,1877,800,48818.449219,0.016387
10,1000,0.1,0.2,50.0,1000,1942,1751,794,48601.382812,0.016337
