Run,Messages,Loss,Corruption,Time_bw_messages,Application_A,Transport_A,Transport_B,Application_B,Total_time,Throughput
1,1000,0.4,0.2,50.0,1000,3068,1837,606,49363.242188,0.012276
2,1000,0.4,0.2,50.0,1000,3080,1840,584,50471.941406,0.011571
3,1000,0.4,0.2,50.0,1000,3058,1804,606,51283.347656,0.011817
4,1000,0.4,0.2,50.0,1000,3088,1891,637,51852.781250,0.012285
5,1000,0.4,0.2,50.0,1000,3102,1851,612,51060.535156,0.011986
6,1000,0.4,0.2,50.0,1000,2979,1817,610,50139.894531,0.012166
7,1000,0.4,0.2,50.0,1000,3189,1877,595,52394.746094,0.011356
8,1000,0.4,0.2,50.0,1000,2974,1837,596,49773.132812,0.011974
9,1000,0.4,0.2,50.0,1000,3061,1812,582,49221.324219,0.011824
10,1000,0.4,0.2,50.0,1000,3013,1805,599,50735.917969,0.011806
