Run,Messages,Loss,Corruption,Time_bw_messages,Application_A,Transport_A,Transport_B,Application_B,Total_time,Throughput
1,1000,0.8,0.2,50.0,1000,154324,8914,12,50351.000000,0.000238
2,1000,0.8,0.2,50.0,1000,155477,8993,18,50094.867188,0.000359
3,1000,0.8,0.2,50.0,1000,159265,9144,1,50490.000000,0.000020
